iddate,datesql
1,2016-03-31 22:33:48
2,2000-06-24 05:24:45
3,2029-11-04 19:08:32
4,2031-07-31 03:58:58
5,2020-06-30 12:02:41
6,2002-09-07 04:02:47
7,2013-03-26 13:23:12
8,2031-10-06 20:23:21
9,2001-04-07 15:31:10
10,2017-09-25 02:59:29
11,2038-11-09 21:31:37
12,2026-06-25 09:41:53
13,2000-03-22 03:59:33
14,2015-02-22 14:56:28
15,2005-03-18 09:16:28
16,2025-12-25 22:22:06
17,2029-01-15 02:19:09
18,2030-10-06 04:42:04
19,2028-08-07 10:44:18
20,2009-02-15 09:14:10
21,2037-03-06 10:20:00
22,2011-01-08 13:17:12
23,2014-11-27 19:20:37
24,2038-03-09 14:29:42
25,2005-11-09 21:21:39
26,2025-12-12 05:26:05
27,2035-03-11 18:09:47
28,2023-03-18 05:11:20
29,2022-09-15 09:25:12
30,2031-12-25 21:44:21
31,2030-03-14 18:05:27
32,2010-12-17 21:02:40
33,2026-09-02 13:05:37
34,2013-02-03 11:39:01
35,2003-03-16 07:33:12
36,2033-09-02 07:52:14
37,2019-10-23 08:03:30
38,2031-04-28 16:48:50
39,2036-10-25 06:06:48
40,2029-08-10 07:08:45
41,2006-04-19 16:12:33
42,2020-02-26 20:33:50
43,2013-01-19 21:46:15
44,2001-12-21 08:05:36
45,2000-04-08 06:19:49
46,2025-12-08 20:30:12
47,2022-11-14 08:15:57
48,2002-12-21 01:49:50
49,2028-08-12 05:37:01
50,2015-12-24 00:37:14
51,2000-05-31 23:56:07
52,2015-08-07 08:25:36
53,2003-01-18 04:14:43
54,2032-06-03 18:30:38
55,2023-10-09 00:58:22
56,2016-08-26 12:07:15
57,2037-02-22 04:26:18
58,2007-06-30 10:15:32
59,2029-10-27 22:29:44
60,2000-01-04 05:54:38
61,2009-11-04 07:40:02
62,2004-10-28 01:38:49
63,2036-09-22 02:56:14
64,2032-05-07 12:29:45
65,2018-08-19 17:08:57
66,2027-06-29 23:31:35
67,2017-02-06 21:43:20
68,2018-04-24 20:26:01
69,2039-12-03 03:28:29
70,2029-11-21 17:44:30
71,2036-11-06 07:34:38
72,2011-04-09 15:29:11
73,2014-01-21 13:31:28
74,2020-05-18 00:55:41
75,2001-03-14 09:27:41
76,2036-10-27 12:30:51
77,2037-07-28 20:43:01
78,2019-08-19 20:42:53
79,2031-06-27 23:17:18
80,2005-03-21 19:56:46
81,2016-07-07 09:19:40
82,2034-04-22 03:14:37
83,2035-02-28 11:02:35
84,2013-09-19 18:12:20
85,2006-01-23 05:09:27
86,2015-06-21 07:46:55
87,2014-06-01 10:09:37
88,2001-05-21 05:22:39
89,2012-08-02 05:25:51
90,2000-09-22 03:03:41
91,2034-04-02 17:14:41
92,2006-05-23 11:30:56
93,2039-10-09 14:20:01
94,2023-02-03 10:32:31
95,2032-11-27 15:07:51
96,2007-01-20 13:27:15
97,2021-05-30 07:53:20
98,2005-02-02 05:45:07
99,2017-08-25 06:29:19
100,2017-01-13 19:25:53
101,2032-10-31 22:42:35
102,2009-08-04 15:28:49
103,2039-06-20 17:37:37
104,2033-06-11 16:09:15
105,2035-05-25 09:08:35
106,2008-05-20 11:53:07
107,2025-08-17 11:52:28
108,2021-07-01 08:23:15
109,2031-12-12 23:13:46
110,2008-03-12 06:48:36
111,2031-06-06 16:04:00
112,2022-10-08 08:17:52
113,2002-02-26 16:36:51
114,2013-02-18 15:47:31
115,2038-02-14 11:06:20
116,2012-11-27 11:03:33
117,2023-12-20 00:27:41
118,2020-07-22 01:06:16
119,2015-07-12 06:51:06
120,2009-10-07 18:04:46
121,2018-12-29 21:40:11
122,2028-10-16 01:26:30
123,2038-12-17 01:09:28
124,2008-01-01 15:43:19
125,2012-06-23 08:47:58
126,2020-12-05 05:40:59
127,2015-06-02 00:44:06
128,2001-10-20 21:56:32
129,2029-05-21 15:14:45
130,2039-10-04 20:33:08
131,2024-05-22 04:55:50
132,2009-11-17 11:48:47
133,2038-05-17 10:49:24
134,2014-09-28 17:47:40
135,2039-05-07 04:04:44
136,2023-04-25 06:34:20
137,2025-11-18 22:47:58
138,2005-05-13 22:06:33
139,2034-10-29 05:48:38
140,2012-12-10 13:43:56
141,2013-10-06 18:06:04
142,2023-12-25 13:56:11
143,2021-01-07 11:30:40
144,2026-04-08 15:19:58
145,2018-11-24 18:09:36
146,2020-11-13 23:08:47
147,2001-09-04 14:35:12
148,2004-07-06 23:35:22
149,2003-09-06 13:01:18
150,2025-07-29 03:36:33
151,2024-02-21 22:10:19
152,2032-03-02 22:38:30
153,2015-04-18 16:02:27
154,2007-08-21 02:06:19
155,2022-04-11 06:17:42
156,2020-05-31 19:22:18
157,2039-11-01 07:25:25
158,2016-04-27 03:36:31
159,2016-05-30 15:55:44
160,2026-11-12 13:20:01
161,2027-06-14 08:20:59
162,2009-07-26 04:28:39
163,2029-09-03 09:17:39
164,2008-11-05 01:02:35
165,2032-08-30 18:15:05
166,2003-05-22 21:08:11
167,2038-05-23 04:02:35
168,2017-07-21 07:12:38
169,2032-12-29 22:42:15
170,2004-09-25 15:19:28
171,2025-01-31 03:42:37
172,2011-11-16 07:16:48
173,2000-08-22 01:46:05
174,2017-01-27 10:16:20
175,2012-07-15 19:16:09
176,2024-11-21 19:22:42
177,2017-08-31 19:55:58
178,2027-09-06 14:26:10
179,2035-12-17 02:44:43
180,2006-09-30 01:53:49
181,2033-10-18 21:09:23
182,2029-11-19 13:33:06
183,2025-11-22 01:35:29
184,2035-08-30 07:50:46
185,2028-08-27 08:21:47
186,2012-07-15 22:58:13
187,2034-04-13 10:45:34
188,2022-07-19 18:12:27
189,2005-08-07 23:29:48
190,2011-08-27 21:41:47
191,2004-02-18 06:06:07
192,2028-02-15 01:58:10
193,2032-03-24 16:15:15
194,2007-09-20 15:43:26
195,2014-08-18 10:56:42
196,2031-05-26 20:36:59
197,2032-10-07 02:00:18
198,2028-10-01 08:46:21
199,2039-03-24 02:03:40
200,2033-05-15 03:35:16
201,2033-02-21 19:21:05
202,2034-04-15 11:25:57
203,2006-12-26 08:58:51
204,2011-09-09 01:55:55
205,2026-01-04 03:01:12
206,2020-11-12 19:40:04
207,2013-03-31 19:03:46
208,2035-11-02 03:50:50
209,2010-02-20 15:14:46
210,2023-09-06 06:25:39
211,2017-11-13 01:34:09
212,2003-03-18 13:53:35
213,2021-03-14 23:09:23
214,2037-12-07 22:35:22
215,2018-07-23 20:07:26
216,2020-07-29 06:06:01
217,2003-06-28 23:09:16
218,2038-12-23 10:19:52
219,2001-08-03 22:36:40
220,2038-12-22 02:56:51
221,2032-03-28 13:06:29
222,2001-03-27 13:02:32
223,2016-08-02 07:14:52
224,2025-09-04 21:04:51
225,2017-02-28 19:30:38
226,2001-07-12 20:44:22
227,2004-09-09 20:06:32
228,2022-10-20 23:52:41
229,2009-02-22 16:45:35
230,2037-12-31 13:15:57
231,2034-07-09 23:16:53
232,2025-04-24 15:02:46
233,2023-01-21 13:39:34
234,2021-04-20 03:52:39
235,2008-04-18 09:37:50
236,2025-12-24 14:52:20
237,2015-01-03 08:41:50
238,2024-04-26 17:59:08
239,2036-05-12 03:29:00
240,2008-03-09 18:57:09
241,2025-10-01 15:15:51
242,2014-09-21 18:57:54
243,2002-07-08 13:09:48
244,2036-02-07 00:05:06
245,2015-07-01 12:11:43
246,2009-12-23 18:19:31
247,2025-01-06 22:58:59
248,2012-02-01 01:03:38
249,2012-11-12 20:37:23
250,2011-11-11 16:30:28
251,2017-01-25 06:15:59
252,2030-05-19 13:13:54
253,2029-05-22 09:46:24
254,2010-05-30 07:12:32
255,2028-11-30 09:10:15
256,2002-12-09 22:29:45
257,2010-04-30 20:08:13
258,2001-12-03 03:09:37
259,2000-12-19 20:26:06
260,2029-12-09 13:06:38
261,2034-07-03 22:47:46
262,2028-04-05 07:58:41
263,2000-12-29 14:25:33
264,2020-11-26 10:45:41
265,2026-12-07 01:13:48
266,2005-11-24 06:44:33
267,2004-05-12 15:49:25
268,2022-01-26 16:57:33
269,2030-05-12 15:27:05
270,2010-03-08 21:53:43
271,2037-07-23 14:54:23
272,2010-01-03 09:53:18
273,2002-08-26 05:25:48
274,2005-12-21 13:32:03
275,2035-05-08 12:47:36
276,2014-08-05 02:59:28
277,2015-09-02 02:21:34
278,2002-09-07 04:40:09
279,2018-09-28 10:01:15
280,2011-08-12 11:07:04
281,2038-03-31 10:24:09
282,2016-10-15 08:50:00
283,2017-05-11 00:01:41
284,2016-01-12 20:45:37
285,2009-11-19 05:35:47
286,2027-09-09 07:05:10
287,2014-08-03 15:26:05
288,2012-01-10 00:10:01
289,2033-03-16 10:24:42
290,2011-08-26 09:21:42
291,2004-01-11 20:49:28
292,2019-03-04 07:51:52
293,2007-11-22 20:49:16
294,2020-03-03 13:11:07
295,2028-08-30 17:43:26
296,2013-08-26 20:10:24
297,2001-04-11 03:57:02
298,2001-02-10 15:36:41
299,2000-03-10 05:47:09
300,2027-06-24 20:14:10
301,2022-03-01 00:37:37
302,2022-06-25 19:55:22
303,2029-04-23 07:57:16
304,2013-07-11 23:16:51
305,2023-07-16 14:54:41
306,2012-05-19 16:19:17
307,2026-06-05 23:24:41
308,2019-03-30 12:54:02
309,2005-01-13 15:40:09
310,2009-02-24 07:39:41
311,2000-11-07 20:24:26
312,2008-09-29 00:40:59
313,2032-11-15 13:43:36
314,2000-08-24 23:14:50
315,2030-12-11 01:33:36
316,2026-03-10 19:20:29
317,2002-12-22 08:27:03
318,2004-02-29 12:23:48
319,2024-03-08 05:35:10
320,2036-06-15 23:33:14
321,2008-08-21 22:27:29
322,2012-12-25 23:47:56
323,2039-04-27 09:06:17
324,2030-07-13 16:03:24
325,2035-05-11 02:40:54
326,2020-03-30 21:27:21
327,2023-10-17 08:00:44
328,2020-03-28 21:05:16
329,2003-02-22 03:52:02
330,2007-02-13 10:08:03
331,2021-09-16 16:24:20
332,2004-07-19 01:55:24
333,2000-09-10 02:08:04
334,2006-10-14 14:52:07
335,2036-06-20 11:55:50
336,2007-10-05 03:23:22
337,2023-03-16 14:05:57
338,2028-09-17 09:49:34
339,2035-12-20 08:25:19
340,2033-05-03 01:33:08
341,2000-08-25 18:14:30
342,2028-07-29 16:25:34
343,2008-05-12 08:43:41
344,2002-05-06 03:06:14
345,2037-04-13 12:11:34
346,2032-07-28 00:56:24
347,2010-02-27 04:48:08
348,2012-03-21 13:36:50
349,2031-04-10 07:47:56
350,2010-02-02 12:26:27
351,2023-05-21 22:16:19
352,2011-02-04 13:20:48
353,2012-04-29 23:52:42
354,2039-07-15 00:04:22
355,2030-07-25 21:35:40
356,2017-08-17 17:54:50
357,2017-12-18 01:33:16
358,2025-09-23 03:48:27
359,2027-10-07 12:08:55
360,2008-11-15 14:52:01
361,2012-07-08 19:04:19
362,2028-08-03 01:43:31
363,2019-02-25 12:13:44
364,2008-09-07 23:26:25
365,2023-03-16 10:21:38
366,2026-03-23 08:42:25
367,2028-03-30 18:13:13
368,2016-10-08 07:53:23
369,2031-11-19 02:44:27
370,2038-11-29 14:03:14
371,2008-02-14 06:11:00
372,2026-02-20 09:47:47
373,2006-08-21 12:42:08
374,2020-08-30 09:57:51
375,2015-01-29 10:07:00
376,2005-01-13 07:31:49
377,2005-07-02 21:12:49
378,2034-05-20 11:36:04
379,2008-12-29 09:36:43
380,2013-09-18 14:03:27
381,2009-09-26 19:45:57
382,2020-05-11 23:36:01
383,2032-12-12 03:06:10
384,2003-08-25 21:35:38
385,2000-12-09 14:40:51
386,2014-04-16 09:09:38
387,2007-01-28 00:13:47
388,2016-12-16 12:20:51
389,2030-08-29 05:27:58
390,2016-12-29 21:00:37
391,2014-02-20 00:55:03
392,2035-10-10 16:24:56
393,2034-04-19 19:32:35
394,2014-10-29 20:27:23
395,2016-11-15 05:38:33
396,2031-07-23 21:17:45
397,2032-03-29 18:13:54
398,2005-09-06 04:10:49
399,2011-07-05 14:46:19
400,2029-09-10 19:09:34
401,2038-09-14 10:42:16
402,2023-12-26 06:57:41
403,2022-10-24 04:05:06
404,2030-08-24 09:05:14
405,2024-04-16 02:55:38
406,2033-01-03 23:30:38
407,2005-05-23 10:21:14
408,2015-03-10 08:38:36
409,2036-12-30 03:03:54
410,2037-01-04 23:17:05
411,2028-12-22 19:59:55
412,2005-11-13 16:21:34
413,2039-04-27 15:13:13
414,2028-05-18 06:56:24
415,2026-03-16 17:43:36
416,2027-07-20 09:44:40
417,2039-10-07 15:20:49
418,2003-12-16 19:04:51
419,2031-09-25 12:24:47
420,2023-08-13 23:01:50
421,2019-09-17 00:36:39
422,2039-01-04 04:15:52
423,2027-09-19 04:22:30
424,2007-06-22 01:26:28
425,2020-08-08 20:54:18
426,2017-08-20 08:08:14
427,2005-08-26 09:36:34
428,2012-11-08 23:14:34
429,2000-06-08 04:46:09
430,2030-11-03 18:52:11
431,2026-11-01 09:35:25
432,2012-12-16 23:57:51
433,2019-07-30 04:48:27
434,2012-06-27 21:01:25
435,2031-03-24 08:39:17
436,2004-06-17 17:17:00
437,2000-09-25 18:58:46
438,2022-04-19 16:02:21
439,2025-02-18 15:40:31
440,2016-10-12 07:31:05
441,2031-12-20 06:20:22
442,2022-08-16 04:37:00
443,2015-09-28 08:55:14
444,2014-08-02 00:44:24
445,2031-01-18 13:30:31
446,2014-09-01 18:26:11
447,2010-03-30 03:39:45
448,2001-04-04 14:58:48
449,2027-04-20 05:30:13
450,2019-04-18 08:20:15
451,2009-05-24 13:16:20
452,2031-02-01 13:30:53
453,2010-08-09 21:22:12
454,2018-02-23 02:58:32
455,2030-01-02 09:44:40
456,2012-07-26 16:03:48
457,2004-03-06 09:51:14
458,2014-05-15 12:42:22
459,2020-09-20 08:36:39
460,2036-06-28 11:45:48
461,2013-03-24 07:48:29
462,2034-09-07 04:27:24
463,2021-05-23 14:17:36
464,2022-08-14 06:28:35
465,2016-06-10 03:34:39
466,2028-08-27 09:43:10
467,2020-05-05 11:37:13
468,2007-12-09 07:17:13
469,2026-08-13 12:44:47
470,2031-12-14 07:08:40
471,2026-09-09 10:51:42
472,2031-10-15 20:44:38
473,2002-03-25 11:23:07
474,2038-09-13 10:19:59
475,2019-05-27 09:12:35
476,2024-03-18 09:52:26
477,2036-07-21 17:42:51
478,2008-08-15 23:43:02
479,2002-06-28 07:38:38
480,2003-10-14 17:34:57
481,2034-02-14 05:17:33
482,2035-12-07 20:35:53
483,2007-02-01 02:46:36
484,2016-05-29 07:02:45
485,2006-11-05 22:25:19
486,2036-07-14 22:23:46
487,2015-02-27 05:27:48
488,2036-10-17 02:13:00
489,2010-07-05 18:37:29
490,2018-04-22 15:19:38
491,2005-06-20 11:29:38
492,2009-06-15 11:34:27
493,2006-06-28 16:24:17
494,2019-01-05 20:38:41
495,2032-09-06 22:38:21
496,2010-06-30 03:13:08
497,2007-08-08 17:14:26
498,2030-01-11 01:27:46
499,2029-03-04 08:14:47
500,2019-12-22 19:16:01
501,2018-07-10 06:11:01
502,2000-10-18 21:32:42
503,2019-03-09 13:10:51
504,2000-03-11 13:46:07
505,2039-03-15 04:42:53
506,2009-12-13 07:29:32
507,2001-01-06 01:29:08
508,2008-01-11 00:56:51
509,2009-04-02 18:32:08
510,2007-02-15 15:09:08
511,2035-05-04 02:23:29
512,2026-07-22 18:00:18
513,2001-11-20 10:26:37
514,2038-02-09 21:15:37
515,2007-09-15 10:47:21
516,2027-10-17 02:19:34
517,2037-04-26 23:33:31
518,2001-08-26 20:26:09
519,2008-04-17 10:45:24
520,2023-05-28 14:04:44
521,2034-01-23 06:53:51
522,2006-11-21 22:41:03
523,2005-01-26 21:21:17
524,2022-01-04 13:45:59
525,2002-02-09 14:38:34
526,2007-05-14 20:13:16
527,2013-09-26 10:14:04
528,2001-05-25 05:12:01
529,2019-10-01 15:39:30
530,2016-09-17 09:14:50
531,2020-12-22 11:42:30
532,2022-08-24 15:29:05
533,2030-11-16 20:39:10
534,2032-12-16 19:39:01
535,2012-09-12 00:58:31
536,2014-12-28 21:33:03
537,2024-06-27 11:32:57
538,2034-03-13 16:11:23
539,2012-03-15 20:12:30
540,2033-02-06 13:19:36
541,2010-12-18 01:41:23
542,2017-08-16 07:56:10
543,2028-05-24 02:23:08
544,2025-05-28 03:04:48
545,2035-09-23 08:50:11
546,2027-09-24 21:35:23
547,2001-05-09 05:33:48
548,2027-06-10 08:13:29
549,2023-06-14 15:35:39
550,2028-03-01 06:22:57
551,2013-12-03 02:09:56
552,2028-08-20 15:13:37
553,2031-01-31 18:46:40
554,2014-09-09 05:43:51
555,2020-06-21 03:56:22
556,2025-10-20 21:57:47
557,2017-01-28 00:21:03
558,2033-07-27 21:37:41
559,2021-08-16 15:15:10
560,2003-07-01 17:03:29
561,2010-04-03 04:23:39
562,2004-12-15 02:53:12
563,2030-09-15 16:55:51
564,2039-11-05 15:34:14
565,2025-06-04 22:18:20
566,2022-12-17 10:14:31
567,2002-10-23 17:37:43
568,2007-02-02 19:07:45
569,2019-04-17 06:41:24
570,2032-12-24 21:49:03
571,2022-09-16 20:16:18
572,2037-04-25 11:26:02
573,2006-01-25 02:10:04
574,2007-05-25 10:30:12
575,2020-09-15 21:33:54
576,2035-06-20 06:41:49
577,2001-08-31 15:22:18
578,2005-05-20 22:09:51
579,2014-10-16 01:50:38
580,2006-03-28 03:58:06
581,2018-05-14 10:22:04
582,2028-03-26 20:37:08
583,2018-08-01 18:42:18
584,2006-02-15 15:01:52
585,2028-09-26 00:00:33
586,2001-04-26 03:57:34
587,2033-08-15 16:44:13
588,2019-06-02 18:49:12
589,2031-10-30 12:27:13
590,2004-06-21 13:50:01
591,2038-05-12 06:29:54
592,2003-12-10 06:14:58
593,2004-08-11 02:23:32
594,2018-10-25 18:25:54
595,2012-07-30 02:26:21
596,2009-01-23 20:57:01
597,2005-04-07 18:03:25
598,2019-04-03 12:36:42
599,2025-03-28 20:06:09
600,2034-03-28 19:24:54
601,2017-08-12 15:40:00
602,2006-12-05 21:19:51
603,2038-12-08 11:44:02
604,2015-10-12 20:07:32
605,2001-06-18 07:57:47
606,2003-03-15 23:02:34
607,2029-03-13 20:31:39
608,2003-05-19 01:44:52
609,2007-12-18 23:07:43
610,2009-02-04 20:37:57
611,2021-07-29 16:20:00
612,2002-01-04 16:56:12
613,2017-11-06 19:28:34
614,2002-06-08 03:58:43
615,2023-01-18 08:25:52
616,2020-02-02 16:00:09
617,2026-02-04 14:31:11
618,2017-12-29 00:21:21
619,2004-07-17 16:20:20
620,2033-11-29 17:18:29
621,2025-10-05 05:15:54
622,2003-09-29 11:53:34
623,2024-08-31 01:30:40
624,2004-01-06 04:13:42
625,2008-02-29 07:32:11
626,2009-05-19 15:40:55
627,2036-01-22 13:07:33
628,2031-07-08 08:18:31
629,2037-08-14 16:33:59
630,2039-02-03 15:18:53
631,2007-12-17 22:28:52
632,2035-08-22 12:59:51
633,2005-09-12 22:49:40
634,2029-12-01 22:40:21
635,2024-10-23 10:34:14
636,2015-10-22 05:04:06
637,2003-02-26 12:09:13
638,2014-06-24 23:10:49
639,2028-11-05 09:22:52
640,2003-05-20 12:38:02
641,2030-07-22 07:10:53
642,2015-02-12 15:05:27
643,2004-09-16 20:09:19
644,2014-10-27 18:35:59
645,2039-06-03 21:29:50
646,2022-06-04 13:19:04
647,2039-02-04 13:41:58
648,2033-10-11 22:43:56
649,2029-08-08 14:29:49
650,2005-03-27 00:58:05
651,2008-11-04 18:36:33
652,2039-08-16 08:55:18
653,2015-03-03 07:46:57
654,2036-08-31 21:51:42
655,2033-07-05 01:00:34
656,2000-06-12 17:10:57
657,2027-04-22 04:30:16
658,2026-02-22 20:13:27
659,2015-01-22 10:38:42
660,2000-09-07 02:05:11
661,2032-10-17 21:23:37
662,2031-06-14 23:36:58
663,2000-12-17 10:32:19
664,2035-03-28 21:00:17
665,2017-01-23 11:18:40
666,2017-01-24 12:35:02
667,2029-04-16 08:33:39
668,2027-12-04 11:48:02
669,2017-01-26 15:17:15
670,2013-12-16 21:12:38
671,2021-10-02 03:28:33
672,2028-11-14 17:37:52
673,2009-01-31 17:05:30
674,2015-02-14 19:55:33
675,2016-10-10 14:31:11
676,2021-03-27 09:40:56
677,2033-02-22 23:16:06
678,2038-07-30 21:10:08
679,2035-07-22 04:12:50
680,2005-12-31 00:36:38
681,2006-08-29 03:33:02
682,2011-09-27 01:17:18
683,2008-08-18 17:07:09
684,2021-02-02 04:51:07
685,2005-01-15 07:26:55
686,2000-12-27 05:12:20
687,2011-01-16 02:22:03
688,2003-11-16 23:03:28
689,2031-08-11 17:26:53
690,2028-10-09 18:52:00
691,2011-12-05 04:09:15
692,2038-02-15 20:02:16
693,2038-02-11 22:57:01
694,2013-07-19 01:13:47
695,2005-01-29 07:04:59
696,2000-11-07 23:11:54
697,2004-01-22 08:34:36
698,2002-05-17 19:21:54
699,2015-06-15 04:05:10
700,2022-12-21 04:45:44
701,2020-09-03 21:22:44
702,2039-04-26 09:52:00
703,2019-06-20 06:44:37
704,2000-03-30 03:43:06
705,2034-05-01 19:05:26
706,2003-09-12 01:09:12
707,2034-03-19 21:35:34
708,2033-07-25 07:08:58
709,2005-08-19 21:20:54
710,2035-06-08 09:55:20
711,2019-04-28 04:52:05
712,2029-09-13 03:30:00
713,2012-03-30 10:08:34
714,2010-05-04 02:08:39
715,2022-06-23 06:19:02
716,2009-05-06 20:32:07
717,2025-10-12 19:53:59
718,2023-02-05 23:00:23
719,2037-07-03 04:43:28
720,2006-09-14 13:42:00
721,2017-03-29 23:57:47
722,2037-10-28 23:09:01
723,2031-04-27 17:23:42
724,2004-07-13 11:41:11
725,2034-09-06 11:31:00
726,2037-03-03 09:17:06
727,2012-09-13 16:24:58
728,2025-04-07 01:36:05
729,2015-11-24 00:39:28
730,2013-10-31 22:33:05
731,2033-06-14 13:08:14
732,2015-05-15 03:18:45
733,2033-07-18 17:12:15
734,2030-02-03 20:48:32
735,2024-01-30 21:52:05
736,2020-09-09 18:39:32
737,2033-01-03 11:34:32
738,2004-02-25 03:48:59
739,2017-03-15 22:11:15
740,2039-07-21 17:59:52
741,2028-09-10 14:46:06
742,2001-05-17 20:22:01
743,2034-06-10 03:24:22
744,2016-06-11 22:45:15
745,2023-02-16 10:40:25
746,2034-07-18 05:52:08
747,2010-11-13 15:45:54
748,2027-06-04 10:41:56
749,2019-05-18 00:09:55
750,2027-07-12 23:48:33
751,2031-10-09 22:36:18
752,2002-07-01 12:28:01
753,2033-03-05 01:09:50
754,2029-03-12 03:38:22
755,2011-05-08 17:06:22
756,2019-03-04 22:43:06
757,2014-10-18 00:22:05
758,2027-03-13 16:32:54
759,2032-07-07 19:01:30
760,2029-01-08 13:40:59
761,2034-02-25 19:05:11
762,2000-11-22 13:09:59
763,2032-12-08 22:00:37
764,2034-07-26 18:10:41
765,2007-09-30 01:32:47
766,2001-03-30 12:31:22
767,2011-06-17 15:02:35
768,2013-09-07 16:22:12
769,2027-04-14 04:11:12
770,2026-10-08 13:09:24
771,2036-01-31 01:41:42
772,2028-11-25 22:33:25
773,2004-08-18 10:58:15
774,2019-04-03 04:15:01
775,2026-05-25 19:05:36
776,2031-08-27 11:06:03
777,2019-10-02 21:04:16
778,2014-03-14 04:44:39
779,2026-08-30 03:50:21
780,2032-01-30 13:07:00
781,2038-12-24 17:36:03
782,2035-06-10 05:03:53
783,2030-04-24 06:57:14
784,2002-01-02 22:57:28
785,2009-07-16 09:46:31
786,2012-01-07 00:01:55
787,2000-02-14 03:14:55
788,2039-06-14 20:08:18
789,2015-11-26 18:29:25
790,2023-05-01 14:38:04
791,2010-07-02 11:59:00
792,2032-07-06 08:53:07
793,2002-02-15 10:01:27
794,2017-10-30 15:40:08
795,2011-09-27 15:40:03
796,2018-10-10 06:47:17
797,2021-05-24 16:30:27
798,2014-02-08 07:42:02
799,2024-04-07 15:02:35
800,2020-03-09 07:28:51
801,2030-02-01 05:59:07
802,2001-04-15 12:08:52
803,2019-08-17 11:02:32
804,2038-01-20 16:01:56
805,2000-08-18 19:55:46
806,2037-01-28 05:16:05
807,2020-04-17 14:57:04
808,2018-09-12 16:32:14
809,2025-08-21 00:45:16
810,2028-06-17 02:10:48
811,2020-08-10 22:27:24
812,2004-04-01 19:11:52
813,2004-10-27 11:57:30
814,2037-05-21 02:49:32
815,2039-06-19 16:39:10
816,2039-02-07 00:10:35
817,2038-05-09 16:19:11
818,2029-10-16 00:19:46
819,2034-10-28 21:28:33
820,2007-11-05 01:07:18
821,2006-12-22 12:39:14
822,2026-07-16 07:19:11
823,2030-08-22 15:31:32
824,2007-11-22 09:33:45
825,2000-01-13 23:18:00
826,2010-05-06 09:30:51
827,2039-01-23 04:27:29
828,2027-05-26 12:22:48
829,2026-07-29 15:58:38
830,2002-09-06 17:34:40
831,2024-07-08 22:54:49
832,2034-05-19 16:26:26
833,2031-01-29 22:41:24
834,2007-12-18 07:48:14
835,2010-02-27 01:13:38
836,2033-05-21 22:57:00
837,2036-05-10 01:02:46
838,2032-09-22 00:13:02
839,2001-06-14 09:02:09
840,2038-11-26 14:42:13
841,2033-09-30 14:44:28
842,2001-10-06 17:05:57
843,2032-04-10 14:08:13
844,2021-08-18 04:52:02
845,2018-07-04 12:58:09
846,2029-05-16 04:30:48
847,2001-08-07 05:49:22
848,2028-11-14 16:59:13
849,2031-04-28 02:17:50
850,2028-11-08 17:06:10
851,2021-05-13 04:18:16
852,2035-05-05 19:48:03
853,2013-09-16 07:17:08
854,2033-08-31 08:23:56
855,2000-02-18 17:36:58
856,2007-07-12 16:21:50
857,2037-07-30 16:28:52
858,2025-03-13 00:02:31
859,2021-10-20 16:46:28
860,2018-10-10 10:34:35
861,2034-03-19 17:02:57
862,2020-06-04 04:13:06
863,2019-11-22 23:10:24
864,2032-09-12 21:34:33
865,2022-03-04 22:07:33
866,2018-02-19 04:32:02
867,2019-11-12 00:40:11
868,2013-09-28 11:29:12
869,2019-10-17 10:23:38
870,2028-07-02 16:08:04
871,2028-11-19 02:19:38
872,2019-10-31 01:19:34
873,2002-06-10 06:11:16
874,2036-10-23 22:43:41
875,2005-12-16 04:28:21
876,2007-02-09 04:54:18
877,2017-10-22 17:50:48
878,2030-08-19 17:16:22
879,2027-08-27 00:36:53
880,2020-01-25 21:08:24
881,2032-01-07 14:16:08
882,2029-07-08 00:59:29
883,2007-05-12 20:40:36
884,2015-04-07 23:41:07
885,2004-04-15 01:26:48
886,2026-10-19 16:57:46
887,2039-01-15 18:04:12
888,2024-07-20 00:55:37
889,2032-07-23 10:17:29
890,2030-04-01 05:07:57
891,2013-11-08 04:03:24
892,2009-04-10 19:19:14
893,2019-02-24 16:07:24
894,2021-07-30 09:39:24
895,2013-12-19 17:26:23
896,2026-09-30 21:30:26
897,2008-04-04 02:37:32
898,2037-09-21 14:54:27
899,2035-09-21 12:20:25
900,2007-06-17 06:15:11
901,2006-10-08 18:20:18
902,2017-03-24 13:03:16
903,2020-06-06 06:25:10
904,2038-10-02 07:49:49
905,2038-08-23 02:43:29
906,2037-06-26 17:40:22
907,2000-03-16 11:08:47
908,2038-11-27 21:07:01
909,2012-11-03 09:40:41
910,2009-08-06 02:08:37
911,2008-04-11 07:22:28
912,2039-07-20 06:58:23
913,2007-03-12 17:28:34
914,2024-12-25 14:19:13
915,2011-04-16 07:22:12
916,2037-02-17 17:01:53
917,2016-04-11 20:33:20
918,2024-03-24 16:39:30
919,2013-02-28 10:50:57
920,2022-02-23 11:11:37
921,2019-10-05 16:54:41
922,2014-04-20 06:31:19
923,2024-08-02 20:30:51
924,2026-10-20 03:46:23
925,2020-07-25 03:11:40
926,2029-01-14 11:39:22
927,2020-07-31 09:37:51
928,2002-08-10 23:11:03
929,2013-08-11 03:10:10
930,2031-10-30 17:06:12
931,2014-10-30 04:34:26
932,2034-06-16 06:43:24
933,2031-03-09 03:48:53
934,2002-06-12 00:17:51
935,2037-11-23 19:56:21
936,2021-07-31 09:55:54
937,2019-03-05 19:27:10
938,2021-10-15 16:39:15
939,2038-10-28 00:19:01
940,2000-05-24 01:01:21
941,2007-04-01 12:38:35
942,2033-01-05 16:32:25
943,2023-09-12 07:04:48
944,2008-09-23 03:27:15
945,2017-03-26 21:22:17
946,2036-07-12 20:22:29
947,2031-08-27 08:54:54
948,2028-03-16 11:03:32
949,2034-12-02 22:38:47
950,2026-12-25 13:24:15
951,2017-08-12 13:23:32
952,2026-10-05 11:16:32
953,2013-04-16 22:27:15
954,2002-01-04 11:36:39
955,2014-01-13 14:37:09
956,2012-04-12 23:19:49
957,2011-10-26 04:06:35
958,2004-02-24 00:51:55
959,2001-07-05 20:04:03
960,2029-08-09 14:19:43
961,2025-05-14 06:35:22
962,2005-08-30 05:03:14
963,2018-11-07 17:18:56
964,2003-03-21 18:55:28
965,2024-12-12 02:04:08
966,2003-09-14 03:01:49
967,2025-12-15 14:44:48
968,2012-07-06 11:08:25
969,2025-11-22 17:41:50
970,2028-02-10 17:40:34
971,2037-05-19 23:45:36
972,2022-05-13 16:05:45
973,2015-05-26 04:45:53
974,2035-05-09 20:35:19
975,2013-02-06 19:37:26
976,2016-11-18 17:35:32
977,2019-10-29 07:15:53
978,2000-10-17 08:06:17
979,2022-08-08 14:56:44
980,2015-08-30 14:29:29
981,2037-01-29 23:17:53
982,2006-09-10 02:03:41
983,2011-03-01 16:54:05
984,2019-06-04 20:08:51
985,2018-02-08 11:11:12
986,2020-04-14 03:08:44
987,2011-08-13 08:10:36
988,2013-06-28 07:01:26
989,2028-01-04 16:08:02
990,2027-01-17 17:02:19
991,2005-01-23 17:47:04
992,2000-01-23 04:19:06
993,2016-03-08 11:29:44
994,2039-06-27 19:57:52
995,2009-06-18 04:23:06
996,2016-08-05 18:25:11
997,2028-05-06 18:15:39
998,2026-04-11 08:26:05
999,2023-05-01 08:13:30
1000,2000-08-01 14:44:58
