<?xml version="1.0" standalone="yes"?>
<site>
	<regions>
		<africa>
			<item id="item1">
				<location>Moldova, Republic Of</location>
				<quantity>1</quantity>
				<name>condemn </name>
				<payment>Money order, Creditcard, Cash</payment>
				<description>
				<text>
				gold promotions despair flow tempest pitch concluded dian wenches musing author debase get bourn openly gonzago determine conceit parcel continue trophies bade cries merrily signet sportive valor planetary hastings empire vow merciless shoulders sewing player experience hereford dorset sue horn humorous fiend intellect venture invisible fathers lucilius add jests villains ballad greek feelingly doubt circumstances hearty britaines trojans tune worship canst france pay progeny wisdom stir mov impious promis clothes hangman trebonius choose men fits preparation 
				</text>
				</description>
				<shipping>Will ship only within country, Buyer pays fixed shipping charges, See description for charges</shipping>

				<mailbox>
					<mail>
						<from>Javam Suwanda mailto:Suwanda@gmu.edu</from>
						<to>Mehrdad Glew mailto:Glew@cohera.com</to>
						<date>11/28/1999</date>
						<text>
							back greg flay across sickness peter enough royal herb embrace piteous die servilius avoid 
							<keyword> laying chance dungeons pleasant thyself fellow purse steward heaven ambassador terrible doubtfully
							</keyword>

							milk sky clouds unbraced put sacrifices seas childish longer flout heavy pitch rosalind orderly music delivery appease confound brook balance bravery bench bearing compounds attentive learned senses concave boughs discourse punishment physic further reading chair discords instruments bankrupts countrymen horrid royalties necessity tend cap curiously waken therewithal horse gather uncleanliness chief traffic where nuptial either remember peerless doing <keyword> preparation rejoice gallants shepherd barbarian ford </keyword> ruin coxcomb excess <bold> childish carrions imaginary wooden preventions bounteous sounded consider sayings fishified fine prime may </bold> ponderous doubtful rite <emph> dotage discipline choughs mew here </emph> vill discontent manage beatrice straight muse shame prays maecenas any conveyance fingers whereupon child case <keyword> season presently victory women beating </keyword> deprive almost wed dreams slew 
						</text>
					</mail>
				</mailbox>
			</item>
		</africa>
	</regions>
</site>

